,time,lat,lon,ele,x:speed,RSSI,RSSI_err
0,1456683737,43.15729,-70.9768,54.4,0.5,-35.904458598726116,6.913278499477894
1,1456683746,43.157356,-70.97688000000001,65.1,0.0,-42.357142857142854,3.198373311034016
2,1456683883,43.157337,-70.97669,66.4,0.0,-41.95203836930455,9.484436420492004
3,1456683887,43.157314,-70.97681,63.9,1.0,-47.416666666666664,2.3614378858841256
4,1456683891,43.157340000000005,-70.97679000000001,64.0,1.25,-45.61538461538461,1.2733034890189885
5,1456683894,43.157340000000005,-70.97674599999999,62.6,0.5,-56.77777777777778,5.533288710217215
6,1456683898,43.157352,-70.9767,62.3,1.0,-60.0,6.275716324421889
7,1456683901,43.157383,-70.97667,62.4,1.25,-61.22222222222222,2.6573912762447547
8,1456683904,43.15741,-70.97664,62.0,1.0,-62.333333333333336,5.981452814975453
9,1456683907,43.157433000000005,-70.97659,63.4,1.25,-60.2,5.979966555090421
10,1456683911,43.157455,-70.97655999999999,61.1,1.0,-55.25,4.284176311342318
11,1456683914,43.157475,-70.976524,59.3,1.5,-54.111111111111114,3.6345393852880274
12,1456683916,43.1575,-70.97651,59.4,1.25,-55.57142857142857,1.7612611437054218
13,1456683919,43.15752,-70.97646999999999,58.4,1.25,-62.666666666666664,3.091206165165235
14,1456683922,43.157524,-70.97643000000001,59.1,1.25,-61.77777777777778,5.115939748098373
15,1456683925,43.15752,-70.97639000000001,57.7,1.0,-65.7,6.527633568147036
16,1456683929,43.157528000000006,-70.97634000000001,58.1,1.25,-62.833333333333336,4.758034141206732
17,1456683935,43.15755,-70.97627,56.2,1.5,-67.10526315789474,4.767154473357579
18,1456683938,43.15757,-70.97624,53.4,1.25,-66.77777777777777,4.184037863058385
19,1456683941,43.15759,-70.97619,55.0,1.25,-72.9,7.462573282722254
20,1456683944,43.15761,-70.97615,53.7,1.25,-70.77777777777777,2.897423291201177
21,1456683948,43.157627000000005,-70.9761,53.0,1.0,-73.5,0.5
22,1456683951,43.157646,-70.97606,52.9,0.75,-67.0,2.6457513110645907
23,1456683954,43.157646,-70.97601999999999,54.2,1.0,-65.11111111111111,4.35748256691724
24,1456683959,43.157672999999996,-70.975975,54.4,1.0,-70.36363636363636,4.753424168145953
25,1456683964,43.157684,-70.975914,58.0,1.0,-71.0909090909091,3.941724252487054
26,1456683966,43.157707,-70.97587,58.5,1.0,-69.33333333333333,5.3748384988657
27,1456683971,43.157734000000005,-70.97582,56.7,1.0,-72.1875,6.453862699965037
28,1456683979,43.157776,-70.97578,58.8,0.5,-72.4,4.791659420284376
29,1456683986,43.157825,-70.97578399999999,62.9,0.0,-73.45454545454545,7.011207085330487
30,1456683994,43.15785,-70.97573,63.8,1.0,-68.92,2.6820887382784333
31,1456684005,43.15788,-70.975685,62.8,0.75,-74.08571428571429,5.123455466613071
32,1456684008,43.157913,-70.97565999999999,62.5,1.0,-75.77777777777777,4.779069592801459
33,1456684014,43.157932,-70.97563000000001,59.8,0.75,-72.36363636363636,3.8203457071728533
34,1456684017,43.157955,-70.97561,59.7,1.0,-75.28571428571429,3.768830273792263
35,1456684021,43.157986,-70.97558599999999,59.9,1.5,-76.0,3.2914029430219167
36,1456684024,43.158012,-70.97556,60.6,1.25,-74.8,3.7094473981982814
37,1456684028,43.158043,-70.97554000000001,61.3,0.75,-78.33333333333333,4.515405728048022
38,1456684032,43.15807,-70.97551,61.8,1.0,-76.15384615384616,3.1585331027150474
39,1456684035,43.158103999999994,-70.975494,61.5,1.25,-76.66666666666667,4.08248290463863
40,1456684038,43.158134000000004,-70.97547,61.6,1.0,-80.44444444444444,6.130272988503876
41,1456684042,43.158157,-70.97545,60.6,1.5,-74.84615384615384,3.5700927341145516
42,1456684045,43.158184000000006,-70.97543,61.6,1.0,-72.77777777777777,2.199887763691481
43,1456684052,43.15821,-70.97541,60.7,1.0,-70.72727272727273,4.453617714151233
44,1456684055,43.158245,-70.97539499999999,61.2,1.25,-74.88888888888889,6.314787661503477
45,1456684060,43.15827,-70.97536,60.7,1.25,-75.28571428571429,2.762725657973388
46,1456684063,43.1583,-70.97533,60.1,1.0,-75.55555555555556,5.599823630379623
47,1456684066,43.15833,-70.97532,59.9,1.0,-76.55555555555556,4.786813161897336
48,1456684069,43.158359999999995,-70.9753,59.5,1.5,-75.0,0.0
49,1456684072,43.158390000000004,-70.9753,59.0,1.0,-76.0,1.0
50,1456684074,43.158417,-70.97529,57.5,1.5,-81.25,6.6473679001541655
51,1456684079,43.158455,-70.97524,57.2,1.0,-80.38461538461539,3.520018827276169
52,1456684081,43.15848,-70.97522,56.4,1.0,,0.0
53,1456684083,43.1585,-70.9752,56.2,1.0,-78.5,3.2015621187164243
54,1456684086,43.158512,-70.97516,53.4,1.5,-81.5,2.5
55,1456684088,43.15854,-70.97515,52.9,1.5,-69.0,0.0
56,1456684092,43.158573,-70.97513000000001,50.1,1.25,-75.71428571428571,3.614031611621005
57,1456684095,43.1586,-70.9751,49.1,1.25,-72.66666666666667,4.242640687119286
58,1456684098,43.15863,-70.97508,47.5,1.75,-76.375,3.3888604279314896
59,1456684100,43.15867,-70.975075,45.9,1.5,,0.0
60,1456684103,43.1587,-70.97505,46.0,1.25,-77.5,3.082207001484488
61,1456684106,43.158726,-70.97504,46.9,1.25,-76.33333333333333,4.737556801183965
62,1456684110,43.158768,-70.97502,47.1,1.25,-76.07692307692308,4.858957445339618
63,1456684112,43.1588,-70.97501,48.6,1.0,-78.83333333333333,4.913134324327892
64,1456684115,43.158836,-70.97499,48.7,1.25,-72.66666666666667,4.109609335312651
65,1456684118,43.158863000000004,-70.97496,49.1,1.25,-78.5,6.5
66,1456684120,43.158882,-70.97494,49.5,1.25,-77.0,7.64198926981712
67,1456684122,43.1589,-70.97491,50.1,1.25,-75.33333333333333,4.109609335312651
68,1456684125,43.15893,-70.97488,50.7,1.0,-76.66666666666667,3.944053188733078
69,1456684128,43.158955,-70.97484,51.7,1.25,-76.7,4.313930922024599
70,1456684133,43.158970000000004,-70.97476999999999,50.9,0.75,-77.93333333333334,5.078932521264242
71,1456684138,43.158984999999994,-70.97471999999999,51.7,1.25,-76.71428571428571,7.20544012166771
72,1456684143,43.158984999999994,-70.974655,49.6,1.0,-74.73333333333333,2.9769484749021475
73,1456684148,43.15898,-70.97459,50.5,1.0,-79.0,4.0
74,1456684152,43.158970000000004,-70.97453,52.7,1.25,-81.33333333333333,8.259674462242579
75,1456684158,43.15895,-70.97446,57.3,1.25,-77.0,4.180153610876796
76,1456684160,43.158962,-70.97440999999999,53.2,1.0,-80.0,5.0990195135927845
77,1456684163,43.158978000000005,-70.974365,51.3,1.0,-78.2,4.556314299957807
78,1456684166,43.158974,-70.97433000000001,50.8,1.0,-78.22222222222223,4.755763235340599
79,1456684169,43.158984999999994,-70.97428000000001,52.5,1.25,-79.55555555555556,2.671292284482513
80,1456684176,43.159008,-70.97421999999999,53.1,1.0,-79.0909090909091,3.3832352847142526
81,1456684180,43.159009999999995,-70.97416,48.9,0.25,-79.16666666666667,6.189148209209048
82,1456684184,43.159034999999996,-70.9741,50.2,1.5,-76.84615384615384,3.779421075857922
83,1456684189,43.159034999999996,-70.97404,51.7,0.75,-78.9375,5.493959751399713
84,1456684197,43.159023,-70.97397600000001,53.5,0.75,-78.75,4.926543751285817
85,1456684203,43.15903,-70.9739,58.4,0.0,-77.78947368421052,3.9680161736780564
86,1456684208,43.159058,-70.97385,56.8,0.5,-78.8125,3.1665981352233503
87,1456684212,43.15905,-70.973816,62.5,1.0,-78.16666666666667,4.017323597731316
88,1456684216,43.159079999999996,-70.97376,59.2,0.75,-81.15384615384616,5.668348746750935
89,1456684221,43.159096000000005,-70.9737,60.4,0.75,-80.73333333333333,5.105117258420439
90,1456684225,43.159115,-70.97365,58.9,0.5,-77.83333333333333,1.8633899812498247
91,1456684229,43.159115,-70.97358,57.6,1.0,-84.85714285714286,5.111012519999519
92,1456684234,43.159115,-70.97352,59.2,0.75,-79.0,2.0
93,1456684243,43.15915,-70.97345,63.8,1.0,-79.5,5.01663898109747
94,1456684248,43.159164000000004,-70.97338,62.9,1.25,-83.4375,3.9205986468905487
95,1456684252,43.159172,-70.97331,59.6,1.0,-85.25,4.692636075100363
96,1456684256,43.159184,-70.97324,57.9,1.25,-89.75,1.479019945774904
97,1456684260,43.159184,-70.97319,56.3,1.0,-88.83333333333333,3.507927529974865
98,1456684263,43.159172,-70.97315,57.5,1.0,-90.4,2.4979991993593593
99,1456684266,43.15915,-70.973114,58.3,0.75,-91.77777777777777,4.661372658534007
100,1456684288,43.159115,-70.973076,58.0,0.0,-87.39285714285714,3.431360472739282
101,1456684292,43.159126,-70.97303000000001,56.7,0.75,-85.16666666666667,1.3437096247164246
102,1456684296,43.15916,-70.97299,57.8,1.0,-87.08333333333333,4.34853104188325
103,1456684299,43.159187,-70.972984,57.1,1.25,-87.6,4.673328578219168
104,1456684302,43.159214,-70.97296,57.9,1.25,-85.0,6.018490028422596
105,1456684306,43.15925,-70.97296,58.6,1.25,-84.66666666666667,3.590109871423003
106,1456684309,43.159283,-70.97296999999999,57.7,1.0,-82.6,1.624807680927192
107,1456684312,43.159306,-70.97294000000001,56.9,1.0,-88.0,3.521363372331802
108,1456684318,43.159344,-70.97294000000001,55.6,1.0,-86.05263157894737,4.310008965804894
109,1456684323,43.159397,-70.97292,56.0,1.0,-89.46666666666667,4.112852484049914
110,1456684326,43.159424,-70.97291,56.7,1.0,-87.9,2.7367864366808017
111,1456684329,43.159454,-70.97288499999999,57.1,1.0,-89.66666666666667,3.366501646120693
112,1456684333,43.1595,-70.97286,57.9,1.0,-89.5,2.7233557730613653
113,1456684336,43.159527000000004,-70.97285,58.6,1.25,-89.2,2.785677655436824
114,1456684339,43.15956,-70.97285,59.3,1.0,-89.55555555555556,3.235604395235786
115,1456684343,43.1596,-70.97285,60.2,1.25,-86.61538461538461,3.5418044409911804
116,1456684347,43.159634000000004,-70.97285,60.7,1.0,-86.91666666666667,3.522743564641375
117,1456684350,43.159664,-70.97284,61.3,1.0,-85.22222222222223,1.7497795275581804
118,1456684353,43.159695,-70.97284,61.4,1.0,-90.8,2.181742422927143
119,1456684359,43.159737,-70.97282,61.4,1.0,-87.5,3.0595932917809696
120,1456684367,43.159729999999996,-70.97279,58.4,0.0,-92.23809523809524,4.116225292376058
121,1456684407,43.15972,-70.972755,55.3,0.75,-83.17391304347827,3.8606394369331842
122,1456684411,43.159714,-70.97272,54.4,1.0,-81.0,4.301162633521313
123,1456684416,43.159737,-70.97269,54.5,0.5,-82.53333333333333,7.597075460699041
124,1456684421,43.159766999999995,-70.97268000000001,55.4,0.75,-90.6875,3.7867986149252775
125,1456684439,43.159782,-70.97269399999999,59.1,0.0,-87.33333333333333,3.6397614273277927
126,1456684478,43.159775,-70.97266,58.7,0.75,-91.39506172839506,3.660530260264633
127,1456684500,43.159782,-70.97261999999999,56.2,1.0,-87.81632653061224,4.466078357281448
128,1456684502,43.159794,-70.97258000000001,54.9,1.0,,0.0
129,1456684506,43.159805,-70.97251999999999,55.6,1.25,-89.33333333333333,1.247219128924647
130,1456684508,43.159813,-70.97248,55.6,1.25,-92.6,3.0066592756745814
131,1456684512,43.15984,-70.97245,55.2,1.25,-93.42857142857143,3.0169588688489823
132,1456684514,43.159843,-70.97241,56.7,1.5,-96.0,1.0
133,1456684517,43.159863,-70.97237,55.9,1.25,-90.0,0.0
134,1456684519,43.15987,-70.972336,56.2,1.25,-94.0,2.70801280154532
135,1456684523,43.159896999999994,-70.9723,56.4,1.0,-90.66666666666667,1.699673171197595
136,1456684527,43.159909999999996,-70.97225,55.3,1.0,-96.0,1.0
137,1456684530,43.159929999999996,-70.97222,54.3,1.0,-95.9,1.6999999999999997
138,1456684533,43.15995,-70.972176,56.0,1.0,-92.0,0.0
139,1456684536,43.159966,-70.972145,55.8,1.25,-93.57142857142857,2.1946130708196026
140,1456684538,43.159977000000005,-70.97211,55.8,1.25,-94.4,2.33238075793812
141,1456684541,43.159996,-70.97206,55.4,1.25,-93.0,0.0
142,1456684545,43.160004,-70.97201,56.2,1.25,-94.66666666666667,1.699673171197595
143,1456684548,43.16003,-70.97198,56.1,1.0,-94.66666666666667,1.9720265943665387
144,1456684552,43.16005,-70.971924,56.6,1.0,-96.5,2.5
145,1456684554,43.160059999999994,-70.97189,56.5,1.25,-96.0,0.0
146,1456684558,43.160053000000005,-70.97185,53.7,1.25,-94.5,2.0615528128088303
147,1456684561,43.160065,-70.9718,55.7,1.5,-92.66666666666667,1.8856180831641267
148,1456684565,43.160076000000004,-70.97176999999999,56.5,1.0,-91.42857142857143,2.060315014550851
149,1456684568,43.160090000000004,-70.97173000000001,57.1,1.25,-93.83333333333333,3.337497399083464
150,1456684571,43.1601,-70.97169,56.6,1.25,-97.0,1.632993161855452
151,1456684573,43.160095,-70.97164000000001,58.2,1.25,,0.0
152,1456684576,43.160107,-70.9716,55.8,1.5,-94.33333333333333,2.6246692913372702
153,1456684580,43.160126,-70.97154,53.6,1.25,-96.33333333333333,2.0548046676563256
154,1456684590,43.160140000000006,-70.97148,52.8,1.0,-94.83333333333333,2.3392781412696997
155,1456684592,43.160152000000004,-70.97144,53.4,1.25,-96.0,2.0
156,1456684595,43.16016,-70.971405,54.1,1.25,-93.0,0.816496580927726
157,1456684599,43.16016,-70.97134399999999,55.1,0.75,-95.5,1.6072751268321592
158,1456684602,43.16017,-70.9713,54.6,1.0,-95.2,2.0396078054371136
159,1456684605,43.160183,-70.97126999999999,55.6,1.5,-96.5,0.5
160,1456684607,43.1602,-70.97123,56.0,1.5,-94.66666666666667,1.699673171197595
161,1456684611,43.160206,-70.97119,53.8,1.25,-95.33333333333333,1.8856180831641267
162,1456684614,43.160233000000005,-70.97115,53.9,1.25,,0.0
163,1456684618,43.160247999999996,-70.9711,54.0,1.0,-95.0,0.0
164,1456684622,43.160275,-70.97108,53.3,0.5,-95.0,1.0
165,1456684629,43.16029,-70.97104,56.2,1.0,-97.33333333333333,0.9428090415820634
166,1456684632,43.1603,-70.971,54.3,1.0,,0.0
167,1456684635,43.160313,-70.97095999999999,54.0,1.25,-95.42857142857143,1.9897697538834453
168,1456684640,43.160328,-70.97091,51.9,0.5,-93.0,0.0
169,1456684644,43.160328,-70.97086999999999,52.5,0.75,-93.77777777777777,1.9876159799998134
170,1456684651,43.16035,-70.9708,51.8,1.0,-94.54545454545455,2.5712973861329
171,1456684655,43.16036,-70.97076,51.7,1.0,-91.66666666666667,1.699673171197595
172,1456684660,43.160362,-70.97071,53.1,0.75,-93.0,2.6832815729997477
173,1456684663,43.160340000000005,-70.970665,53.4,0.75,-97.0,0.816496580927726
174,1456684667,43.160343,-70.97062,49.3,0.75,-98.0,0.0
175,1456684672,43.160354999999996,-70.970566,52.1,1.25,-97.5,0.5
176,1456684678,43.160340000000005,-70.97048000000001,49.4,1.25,,0.0
177,1456684684,43.160340000000005,-70.97040600000001,46.0,1.5,-95.33333333333333,2.4267032964268394
178,1456684691,43.160354999999996,-70.97032,46.2,1.25,-96.57142857142857,1.178030178747903
179,1456684698,43.160379999999996,-70.97027,45.7,1.0,-97.0,1.0
180,1456684704,43.16041,-70.9702,49.0,0.75,-96.0,1.1547005383792515
181,1456684711,43.16045,-70.97014,48.0,1.0,-95.66666666666667,0.4714045207910317
182,1456684724,43.160503000000006,-70.97014,50.6,0.5,-92.8,2.0396078054371136
183,1456684729,43.160509999999995,-70.970085,53.0,0.0,-92.73333333333333,1.1234866364235145
184,1456684747,43.16055,-70.970085,52.5,1.0,-93.85365853658537,1.8420690330243135
185,1456684750,43.160587,-70.97009,53.3,1.0,-96.25,0.4330127018922193
186,1456684753,43.160618,-70.970085,54.2,0.75,-95.5,1.5
187,1456684756,43.160656,-70.970085,53.5,1.25,,0.0
188,1456684760,43.16069,-70.970085,53.0,1.0,-93.33333333333333,0.9428090415820634
189,1456684764,43.160717,-70.97006999999999,53.0,0.75,-95.66666666666667,1.1547005383792515
190,1456684767,43.160744,-70.97006999999999,53.3,1.25,-96.0,0.0
191,1456684770,43.160779999999995,-70.97006,53.9,1.25,-97.8,1.16619037896906
192,1456684773,43.16081,-70.97005,54.1,1.25,-94.0,0.0
193,1456684776,43.160835,-70.97003000000001,54.0,1.0,-94.5,1.5
194,1456684781,43.160862,-70.97001999999999,53.4,1.0,-97.0,1.0
195,1456684787,43.160892,-70.96999,52.6,1.0,-97.0,0.0
196,1456684793,43.160920000000004,-70.96996,53.5,0.75,-98.0,0.0
197,1456684800,43.160934000000005,-70.96993,53.1,1.0,-96.8,0.7483314773547882
198,1456684804,43.160946,-70.96989,54.0,0.75,,0.0
199,1456684815,43.160965000000004,-70.96984,54.1,1.25,-96.0,1.1547005383792515
200,1456684817,43.16098,-70.96981,52.7,1.25,,0.0
201,1456684821,43.160990000000005,-70.969765,53.7,1.0,-98.0,0.0
202,1456684824,43.161003,-70.96973,51.5,1.0,,0.0
203,1456684827,43.16102,-70.969696,52.9,1.0,,0.0
204,1456684831,43.161037,-70.969666,53.3,1.0,,0.0
205,1456684852,43.161034,-70.96963000000001,52.8,0.0,-96.56,1.6267759526130203
206,1456684862,43.161064,-70.96964,53.8,0.75,-96.0909090909091,2.0205555246266247
207,1456684865,43.161083000000005,-70.96968000000001,53.5,1.0,-95.55555555555556,1.892154040658489
208,1456684868,43.161102,-70.96972,54.5,1.0,-95.3,2.1470910553583886
209,1456684872,43.161125,-70.969765,55.9,1.0,-94.75,1.5343293866268306
210,1456684876,43.161144,-70.96981,56.2,0.75,-95.23076923076923,2.258448962446646
211,1456684881,43.161159999999995,-70.96985,58.7,1.0,-93.6,1.7435595774162693
212,1456684884,43.161175,-70.96989,57.0,1.0,-93.0,3.415650255319866
213,1456684887,43.161190000000005,-70.96992,56.7,1.0,-88.0,0.0
214,1456684891,43.16121,-70.969955,55.8,0.5,,0.0
215,1456684915,43.16124,-70.96993,56.3,1.0,-93.50847457627118,2.417260540475535
216,1456684919,43.161255,-70.9699,54.3,1.25,-93.25,2.165063509461097
217,1456684922,43.16128,-70.96988,54.1,1.0,-93.75,2.680951323690902
218,1456684926,43.16131,-70.96984,53.4,1.25,-94.66666666666667,1.1055415967851334
219,1456684930,43.161343,-70.96981,53.4,1.25,-95.6,0.8
220,1456684933,43.161358,-70.969765,51.9,1.25,,0.0
221,1456684937,43.161384999999996,-70.96972,50.8,1.0,-96.4,1.3564659966250536
222,1456684941,43.16142,-70.96969,50.0,1.25,-97.0,2.0
223,1456684944,43.16144,-70.96966,51.2,1.0,-97.0,0.0
224,1456684948,43.16147,-70.96961999999999,51.0,1.0,-95.0,0.0
225,1456684951,43.16149,-70.96958000000001,50.6,1.25,-97.5,0.5
226,1456684954,43.16151,-70.96954000000001,49.7,1.0,-96.0,0.0
227,1456684958,43.161533,-70.969505,50.8,1.5,-97.5,0.5
228,1456684962,43.161559999999994,-70.96948,50.8,1.25,,0.0
229,1456684965,43.161590000000004,-70.96948,50.8,1.0,-92.0,0.0
230,1456684970,43.161625,-70.96948,51.6,1.25,-97.0,0.816496580927726
231,1456684974,43.161667,-70.96949000000001,51.8,1.0,-96.0,0.0
232,1456684979,43.161697,-70.9695,52.8,0.5,-96.0,2.0
233,1456685018,43.16173,-70.96953,51.2,0.0,-94.91304347826087,1.9392149198466941
234,1456685238,43.161755,-70.969505,50.6,1.0,-96.05944055944056,1.812919361169486
235,1456685249,43.161747,-70.96945,48.6,1.25,-96.38461538461539,1.6888075692384732
236,1456685252,43.16173,-70.969406,48.7,1.25,-95.0,1.632993161855452
237,1456685255,43.1617,-70.969376,49.3,1.5,-93.0,2.0
238,1456685258,43.161682,-70.96934,50.7,1.25,-93.55555555555556,2.216659704806667
239,1456685262,43.161644,-70.96929,51.4,1.5,-93.58333333333333,2.32588095615881
240,1456685264,43.161617,-70.96927,52.3,1.5,,0.0
241,1456685268,43.161590000000004,-70.96924,51.7,1.25,-93.44444444444444,2.6293687924887186
242,1456685271,43.161583,-70.9692,51.9,1.5,-96.0,0.0
243,1456685274,43.161559999999994,-70.96916999999999,51.7,1.0,-94.75,2.5860201081971503
244,1456685278,43.16155,-70.96911999999999,51.1,1.25,-94.5,2.0615528128088303
245,1456685281,43.161568,-70.96908,51.5,1.25,-98.0,0.0
246,1456685284,43.161594,-70.96906,50.6,1.25,-98.0,0.0
247,1456685289,43.161625,-70.969025,52.6,1.25,,0.0
248,1456685292,43.16165,-70.969,53.6,1.25,-98.0,0.0
249,1456685296,43.16168,-70.968994,52.3,0.75,-97.0,1.4142135623730951
250,1456685299,43.161697,-70.968956,53.0,1.0,,0.0
251,1456685302,43.161713,-70.968925,52.8,1.25,,0.0
252,1456685306,43.16174,-70.96889499999999,52.6,1.0,-98.33333333333333,0.4714045207910317
253,1456685309,43.161755,-70.96885999999999,52.2,1.0,-98.0,0.0
254,1456685312,43.161777,-70.96883000000001,52.4,1.25,-99.0,0.0
255,1456685520,43.161809999999996,-70.968704,51.2,0.0,-96.99465240641712,1.7474116112329585
256,1456685587,43.16176,-70.9688,54.8,1.0,-96.72222222222223,1.7258027296676743
257,1456685589,43.161747,-70.96885,54.6,0.75,,0.0
258,1456685591,43.161724,-70.96887,54.3,1.0,-95.0,0.0
259,1456685594,43.161697,-70.96889499999999,54.0,1.0,-95.0,0.0
260,1456685597,43.16168,-70.96893,52.7,1.0,-96.57142857142857,1.049781318335648
261,1456685601,43.161644,-70.96895,52.2,1.25,-97.5,0.5
262,1456685605,43.161617,-70.96898,52.1,1.0,-94.0,1.8708286933869707
263,1456685615,43.1616,-70.96901,51.2,1.0,-91.35714285714286,2.607876609075526
264,1456685618,43.161570000000005,-70.969025,51.6,1.0,-94.77777777777777,2.042752923427804
265,1456685621,43.161545000000004,-70.96905,52.5,1.0,-92.22222222222223,1.9876159799998132
266,1456685624,43.161514000000004,-70.96907,53.4,1.0,-94.5,1.91049731745428
267,1456685627,43.161488,-70.9691,53.4,1.25,-93.75,2.277608394786075
268,1456685630,43.1615,-70.96915,53.6,1.75,-94.25,2.165063509461097
269,1456685634,43.161526,-70.9692,53.0,1.25,-94.3,2.41039415863879
270,1456685637,43.161545000000004,-70.969246,53.0,1.5,-90.5,1.5
271,1456685640,43.161568,-70.96928,52.5,1.25,-92.33333333333333,2.309401076758503
272,1456685643,43.161590000000004,-70.96931500000001,52.8,1.25,,0.0
273,1456685647,43.161617,-70.96935,51.8,1.25,-93.23076923076923,3.2852548467788645
274,1456685650,43.161633,-70.96938,51.2,1.0,-92.0,2.6666666666666665
275,1456685653,43.16165,-70.96941,51.1,1.0,-92.33333333333333,2.0548046676563256
276,1456685656,43.161682,-70.969444,50.7,1.25,,0.0
277,1456685659,43.161705,-70.96947,51.4,1.0,-96.0,2.0
278,1456685663,43.16173,-70.9695,51.4,1.0,-96.5,0.5
279,1456685666,43.16176,-70.96953,51.2,0.75,,0.0
280,1456685670,43.161747,-70.96956999999999,52.6,0.75,-96.6,1.4966629547095764
281,1456685693,43.16176,-70.969604,50.6,1.0,-96.75,1.6939061903830983
282,1456685697,43.161774,-70.96964,51.0,0.75,-95.66666666666667,1.9720265943665387
283,1456685701,43.16176,-70.969696,54.0,1.0,-95.28571428571429,1.749635530559413
284,1456685715,43.161755,-70.969734,55.5,0.75,-92.41176470588235,2.6022348659523136
285,1456685720,43.16173,-70.96978,52.7,0.75,-93.8,2.7129319932501077
286,1456685724,43.161705,-70.96981,51.8,0.75,-92.15384615384616,3.254491661739412
287,1456685727,43.161685999999996,-70.96984,49.4,1.0,-93.11111111111111,3.478327964999673
288,1456685731,43.161648,-70.969864,50.0,0.75,-91.58333333333333,2.812422838447701
289,1456685735,43.161625,-70.96989,49.9,0.0,-90.38461538461539,3.051820680750365
290,1456685745,43.16163,-70.969894,53.2,0.0,-94.0,2.4178820993079553
291,1456685773,43.161609999999996,-70.96985,51.3,1.0,-93.16,2.175867643033463
292,1456685780,43.16158,-70.96984,51.5,0.0,-96.18181818181819,1.4658650451451911
293,1456685791,43.161602,-70.96986,51.4,0.5,-96.08333333333333,2.722080495176846
294,1456685794,43.161636,-70.969864,50.6,1.0,-95.5,3.095695936834452
295,1456685802,43.161674,-70.96985,53.6,1.0,-95.125,1.899835519196333
296,1456685805,43.16169,-70.9698,54.0,1.0,-96.25,1.299038105676658
297,1456685809,43.16172,-70.969765,53.4,1.25,-94.5,1.5
298,1456685812,43.161747,-70.969734,52.9,1.0,-98.0,0.0
299,1456685816,43.161766,-70.969696,52.7,1.25,-95.0,1.224744871391589
300,1456685819,43.161804,-70.96970999999999,52.4,1.5,-97.0,0.0
301,1456685822,43.16183,-70.96970999999999,53.2,1.0,-95.5,2.5
302,1456685825,43.161858,-70.96972,53.2,1.0,,0.0
303,1456685828,43.161892,-70.969734,51.6,1.0,,0.0
304,1456685831,43.161915,-70.96974,51.4,0.75,-97.11111111111111,1.1967032904743342
305,1456685837,43.16194,-70.969765,52.2,0.0,-98.66666666666667,0.4714045207910317
306,1456685845,43.161964000000005,-70.96978,51.0,0.5,-98.0,1.0
307,1456685849,43.16199,-70.96979499999999,51.1,0.75,-96.66666666666667,0.9428090415820634
308,1456685854,43.162014,-70.96983,51.3,1.0,-94.6,2.33238075793812
309,1456685858,43.16205,-70.96983,50.6,1.0,-95.91666666666667,1.8008485654145256
310,1456685862,43.162085999999995,-70.96984,49.2,1.25,-95.66666666666667,1.8856180831641267
311,1456685866,43.16212,-70.969864,47.0,1.0,-94.0,2.1908902300206643
312,1456685871,43.16215,-70.9699,47.3,1.0,-97.0,0.816496580927726
313,1456685874,43.162193,-70.96989,46.6,1.5,-95.71428571428571,0.880630571852711
314,1456685880,43.162224,-70.96984,44.2,0.5,-96.5,0.8660254037844386
315,1456685885,43.162259999999996,-70.96979499999999,44.9,0.75,,0.0
316,1456685893,43.162296000000005,-70.96975,45.7,0.0,-97.4,0.4898979485566356
317,1456685901,43.162341999999995,-70.969734,45.7,1.0,-97.5,0.5
318,1456685904,43.162395000000004,-70.96970999999999,46.0,0.0,,0.0
319,1456685916,43.162440000000004,-70.969666,46.5,0.75,-98.0,0.816496580927726
320,1456685923,43.162490000000005,-70.96956,43.5,0.75,-97.5,0.5
321,1456685930,43.1625,-70.96945,42.1,1.25,,0.0
322,1456685935,43.162506,-70.96936,42.4,1.0,,0.0
323,1456685939,43.162506,-70.96929,46.1,0.0,-97.0,0.0
324,1456685951,43.16253,-70.96921,44.9,1.0,-99.0,0.0
325,1456685956,43.16255,-70.969124,40.9,0.5,-98.0,0.0
326,1456685962,43.16257,-70.969025,36.9,0.5,-98.0,0.0
327,1456685966,43.162566999999996,-70.96893,37.9,1.0,,0.0
328,1456685972,43.162575,-70.96884,37.1,0.75,,0.0
329,1456685976,43.162594,-70.96876,35.6,0.75,,0.0
330,1456685981,43.16261,-70.968666,36.9,1.0,-98.0,0.0
331,1456685987,43.162620000000004,-70.968575,36.5,0.75,,0.0
332,1456685990,43.162624,-70.968506,37.9,1.0,,0.0
333,1456685994,43.162617,-70.96844,38.9,0.75,,0.0
334,1456685999,43.162613,-70.96836,38.7,0.75,,0.0
335,1456686004,43.162636,-70.96831,41.0,0.75,,0.0
336,1456686008,43.162659999999995,-70.96825,37.4,0.75,,0.0
337,1456686013,43.162663,-70.96818,38.0,0.5,,0.0
338,1456686017,43.16267,-70.96811,37.8,0.75,,0.0
339,1456686021,43.162678,-70.96805,36.6,1.0,,0.0
340,1456686026,43.162663,-70.96799,33.7,0.75,,0.0
341,1456686033,43.16268,-70.967896,32.7,1.0,,0.0
342,1456686037,43.162673999999996,-70.96781999999999,34.5,0.75,,0.0
343,1456686043,43.162684999999996,-70.967735,37.6,0.5,,0.0
344,1456686048,43.162704,-70.96766,38.7,0.75,,0.0
345,1456686051,43.162729999999996,-70.96762,39.7,1.0,,0.0
346,1456686055,43.162727000000004,-70.96757,40.3,0.75,,0.0
347,1456686059,43.162743,-70.9675,40.8,1.0,,0.0
348,1456686064,43.162746000000006,-70.96744,40.0,0.75,,0.0
349,1456686068,43.16277,-70.96739000000001,39.7,0.75,,0.0
350,1456686071,43.162777,-70.967354,40.6,1.0,,0.0
351,1456686074,43.16279,-70.96731,39.6,0.75,,0.0
352,1456686078,43.162785,-70.96725,39.2,0.75,,0.0
353,1456686083,43.16278,-70.96719,37.7,0.75,,0.0
354,1456686094,43.16276,-70.96714,39.1,0.5,,0.0
355,1456686100,43.162746000000006,-70.96709399999999,39.2,0.0,,0.0
356,1456686122,43.162729999999996,-70.96709399999999,42.7,0.0,,0.0
357,1456686130,43.162743,-70.96703000000001,41.8,0.75,,0.0
358,1456686135,43.162727000000004,-70.966995,41.5,0.75,,0.0
359,1456686140,43.162727000000004,-70.96695,40.9,0.5,,0.0
360,1456686148,43.162743,-70.96689,40.2,0.75,,0.0
361,1456686151,43.16276,-70.966835,38.0,1.0,,0.0
362,1456686154,43.16279,-70.9668,34.8,0.75,,0.0
363,1456686158,43.16281,-70.966736,34.0,0.75,,0.0
364,1456686162,43.162827,-70.96667,34.7,1.5,,0.0
365,1456686168,43.162853000000005,-70.96659,34.4,1.0,,0.0
366,1456686174,43.162888,-70.966545,35.9,0.75,,0.0
367,1456686179,43.162903,-70.96648,37.6,0.25,,0.0
368,1456686183,43.162952000000004,-70.96644599999999,35.8,0.75,,0.0
369,1456686187,43.16298,-70.96639,35.4,0.5,,0.0
370,1456686192,43.163006,-70.96634,34.7,0.5,,0.0
371,1456686200,43.163047999999996,-70.96632,33.6,0.75,,0.0
372,1456686206,43.163070000000005,-70.96625,34.6,0.75,,0.0
373,1456686211,43.163086,-70.96616999999999,35.5,1.0,,0.0
374,1456686216,43.16315,-70.966125,36.0,1.25,,0.0
375,1456686221,43.163185,-70.966064,39.3,1.0,,0.0
376,1456686230,43.16322,-70.96606,38.9,0.0,,0.0
377,1456686241,43.163258,-70.96604,38.3,0.5,,0.0
378,1456686245,43.163309999999996,-70.96601,40.8,1.0,,0.0
379,1456686249,43.163353,-70.96596,42.4,0.75,,0.0
380,1456686253,43.163406,-70.96593,41.8,0.5,,0.0
381,1456686258,43.163452,-70.965935,38.9,0.5,,0.0
382,1456686263,43.163498,-70.965935,39.2,0.5,,0.0
383,1456686266,43.163532000000004,-70.96590400000001,40.1,0.75,,0.0
384,1456686336,43.16361,-70.96585999999999,43.2,0.5,,0.0
385,1456686354,43.163672999999996,-70.96579,43.6,0.0,,0.0
386,1456686364,43.163723,-70.9657,42.9,0.75,,0.0
387,1456686424,43.163807,-70.96568,41.1,1.0,,0.0
388,1456686445,43.1638,-70.965546,43.9,0.0,,0.0
389,1456686483,43.1638,-70.96555,47.2,0.0,,0.0
390,1456686506,43.163807,-70.96556,44.2,0.5,,0.0
391,1456686587,43.163826,-70.965515,41.8,1.0,,0.0
392,1456686593,43.163815,-70.96545400000001,42.1,0.75,,0.0
393,1456686607,43.16383,-70.965485,37.5,1.0,,0.0
394,1456686611,43.16384,-70.96553,37.3,0.5,,0.0
395,1456686615,43.163834,-70.96558,40.8,0.75,,0.0
396,1456686619,43.163857,-70.96563,38.9,0.5,,0.0
397,1456686629,43.163837,-70.96566999999999,45.0,0.25,,0.0
398,1456686632,43.163815,-70.96565,46.5,0.75,,0.0
399,1456686636,43.163784,-70.96566999999999,47.7,0.75,,0.0
400,1456686640,43.163757000000004,-70.96569000000001,47.1,0.75,,0.0
401,1456686645,43.16373,-70.96571999999999,47.7,0.5,,0.0
402,1456686658,43.16368,-70.96582,43.8,0.75,,0.0
403,1456686670,43.1636,-70.965866,48.3,0.75,,0.0
404,1456686683,43.163548,-70.96591,48.0,0.0,,0.0
405,1456686687,43.163513,-70.96593,47.6,0.0,,0.0
406,1456686691,43.163486,-70.96596,47.6,0.75,,0.0
407,1456686695,43.163452,-70.96597,46.4,0.75,,0.0
408,1456686700,43.16341,-70.96599599999999,44.0,1.0,,0.0
409,1456686704,43.163376,-70.96601,45.2,0.5,,0.0
410,1456686710,43.163334000000006,-70.96599599999999,44.8,0.5,,0.0
411,1456686715,43.1633,-70.966034,46.1,0.5,,0.0
412,1456686719,43.163258,-70.966064,45.8,1.0,,0.0
413,1456686722,43.163235,-70.96607,46.3,0.75,,0.0
414,1456686725,43.163193,-70.96608,46.3,1.0,,0.0
415,1456686729,43.16316,-70.96611,44.0,1.0,,0.0
416,1456686733,43.16315,-70.96615,45.3,0.5,,0.0
417,1456686737,43.163123999999996,-70.96618000000001,46.8,0.75,,0.0
418,1456686740,43.163097,-70.9662,48.7,0.75,,0.0
419,1456686743,43.163074,-70.96624,48.2,1.0,,0.0
420,1456686751,43.163016999999996,-70.96634,50.2,1.0,,0.0
421,1456686754,43.163000000000004,-70.96637,50.7,1.0,,0.0
422,1456686757,43.16297,-70.96641,50.2,0.75,,0.0
423,1456686761,43.162937,-70.96644,48.3,0.75,,0.0
424,1456686764,43.16292,-70.966484,45.5,1.0,,0.0
425,1456686767,43.162890000000004,-70.96651999999999,45.5,0.75,,0.0
426,1456686770,43.162876000000004,-70.96656,44.7,1.25,,0.0
427,1456686774,43.16284,-70.96661,43.2,1.0,,0.0
428,1456686777,43.162827,-70.96665,43.5,0.75,,0.0
429,1456686780,43.1628,-70.96668000000001,44.3,0.75,,0.0
430,1456686783,43.162791999999996,-70.96672,44.4,0.75,,0.0
431,1456686786,43.16278,-70.96677,44.2,1.25,,0.0
432,1456686789,43.162758000000004,-70.96680500000001,45.3,1.0,,0.0
433,1456686795,43.162754,-70.96686,48.0,0.75,,0.0
434,1456686799,43.16276,-70.9669,47.1,0.75,,0.0
435,1456686802,43.162777,-70.96695,46.4,0.5,,0.0
436,1456686806,43.162777,-70.96699,45.3,0.0,,0.0
437,1456686812,43.16278,-70.96705,43.6,0.5,,0.0
438,1456686824,43.16276,-70.96717,44.7,1.25,,0.0
439,1456686831,43.16276,-70.96729,42.1,1.25,,0.0
440,1456686838,43.16274,-70.9674,42.4,1.5,,0.0
441,1456686841,43.162724,-70.96745,42.5,1.25,,0.0
442,1456686844,43.162715999999996,-70.96749,42.2,1.0,,0.0
443,1456686847,43.162696999999994,-70.96752,39.7,0.5,,0.0
444,1456686851,43.16268,-70.96755,39.0,1.0,,0.0
445,1456686856,43.162690000000005,-70.96762,36.5,0.75,,0.0
446,1456686860,43.162704,-70.96766,37.2,0.5,,0.0
447,1456686863,43.1627,-70.96772,37.3,1.0,,0.0
448,1456686869,43.162690000000005,-70.96778,39.7,0.5,,0.0
449,1456686874,43.162665999999994,-70.96784,38.6,0.75,,0.0
450,1456686879,43.162684999999996,-70.967896,40.2,0.0,,0.0
451,1456686883,43.162673999999996,-70.96794,42.9,1.0,,0.0
452,1456686887,43.162678,-70.96802,44.7,1.0,,0.0
453,1456686890,43.162665999999994,-70.968056,45.3,0.5,,0.0
454,1456686893,43.162665999999994,-70.9681,45.7,0.75,,0.0
455,1456686896,43.16267,-70.96815,45.5,1.0,,0.0
456,1456686900,43.162659999999995,-70.96821,46.0,1.0,,0.0
457,1456686904,43.162663,-70.96829,46.6,0.5,,0.0
458,1456686908,43.162678,-70.96835,47.5,0.75,,0.0
459,1456686911,43.162665999999994,-70.968414,47.1,1.0,,0.0
460,1456686915,43.162663,-70.96846,46.8,1.25,,0.0
461,1456686919,43.162663,-70.968506,47.3,0.75,,0.0
462,1456686921,43.162665999999994,-70.968544,47.4,1.0,,0.0
463,1456686925,43.16265,-70.96859,51.7,0.5,,0.0
464,1456686930,43.162636,-70.968636,51.0,0.5,,0.0
465,1456686935,43.162643,-70.96871,49.7,1.25,,0.0
466,1456686939,43.162632,-70.96879,49.6,1.25,,0.0
467,1456686948,43.16259,-70.9689,44.8,0.5,,0.0
468,1456686951,43.16258,-70.96896,46.9,1.0,,0.0
469,1456686955,43.162586,-70.96902,47.5,0.75,,0.0
470,1456686961,43.16258,-70.96907,42.5,0.5,-97.0,0.0
471,1456686966,43.162575,-70.96914,42.6,0.75,-98.0,0.0
472,1456686971,43.162563,-70.96921,43.4,0.25,,0.0
473,1456686976,43.162566999999996,-70.96928,44.6,0.75,-99.0,0.0
474,1456686979,43.162575,-70.96934,41.5,1.25,,0.0
475,1456686982,43.16259,-70.96938,40.2,1.0,,0.0
476,1456686986,43.162594,-70.96943,35.2,1.0,-98.0,0.0
477,1456686989,43.162594,-70.96949000000001,36.3,1.0,-98.0,0.0
478,1456686993,43.16258,-70.96955,37.3,0.5,,0.0
479,1456686997,43.16255,-70.969604,37.3,1.0,-98.33333333333333,0.4714045207910317
480,1456686999,43.162525,-70.96964,41.7,1.0,-99.5,0.5
481,1456687001,43.1625,-70.96965,43.3,1.75,,0.0
482,1456687004,43.162459999999996,-70.96969,43.9,1.25,-97.0,1.5811388300841898
483,1456687006,43.162434000000005,-70.969696,44.8,0.75,-99.0,0.0
484,1456687009,43.1624,-70.96972,44.1,1.5,-95.0,0.0
485,1456687013,43.16236,-70.96975,47.9,1.0,-97.5,0.5
486,1456687016,43.16233,-70.969765,48.1,1.0,-96.75,1.479019945774904
487,1456687020,43.162304,-70.9698,47.6,1.0,-94.0,0.0
488,1456687024,43.162290000000006,-70.96985,49.4,1.0,-97.0,2.0
489,1456687029,43.162247,-70.96988,47.6,1.0,-98.0,0.0
490,1456687033,43.162209999999995,-70.96986,47.7,0.0,-96.5,1.5
491,1456687042,43.162167,-70.96984,48.1,1.0,-96.5,1.284523257866513
492,1456687047,43.16212,-70.96985,45.7,1.0,-96.0,0.0
493,1456687051,43.162079999999996,-70.96986,44.2,0.75,,0.0
494,1456687054,43.162037,-70.96985,45.6,1.5,-98.0,0.0
495,1456687059,43.162009999999995,-70.969826,45.4,0.75,,0.0
496,1456687063,43.162003000000006,-70.96977,47.1,1.25,-96.0,0.816496580927726
497,1456687067,43.161995000000005,-70.96973,47.1,0.75,,0.0
498,1456687071,43.16198,-70.96968000000001,48.3,1.25,,0.0
499,1456687074,43.161957,-70.96965,49.7,1.0,,0.0
500,1456687077,43.161938,-70.96961999999999,48.9,1.0,-98.0,0.0
501,1456687080,43.161915,-70.96959,49.9,1.0,,0.0
502,1456687083,43.16189,-70.96956999999999,50.4,1.0,-96.0,0.0
503,1456687088,43.161858,-70.969574,50.8,0.75,-95.57142857142857,0.9035079029052513
504,1456687091,43.161842,-70.96961,51.1,1.75,,0.0
505,1456687093,43.16183,-70.96964,51.6,1.25,-97.25,0.82915619758885
506,1456687096,43.161808,-70.96968000000001,51.0,1.25,-96.0,1.632993161855452
507,1456687099,43.16178,-70.96970999999999,50.6,1.25,,0.0
508,1456687102,43.161755,-70.96974,51.1,1.0,,0.0
509,1456687106,43.161728000000004,-70.96977,48.7,1.25,-93.83333333333333,3.0776975521032313
510,1456687109,43.1617,-70.9698,48.6,1.25,-89.0,1.4142135623730951
511,1456687112,43.161674,-70.96984,47.8,1.0,-90.44444444444444,3.337034981706935
512,1456687115,43.16165,-70.96988,49.0,1.25,,0.0
513,1456687118,43.16163,-70.96991,51.1,1.25,-93.1,2.981610303175115
514,1456687121,43.161606,-70.96994000000001,51.2,1.0,-95.5,1.5
515,1456687124,43.161583,-70.96996,50.7,1.0,-93.75,0.4330127018922193
516,1456687129,43.161575,-70.97001999999999,49.4,1.25,-93.0,0.816496580927726
517,1456687132,43.161575,-70.970055,49.5,1.0,-97.0,0.0
518,1456687135,43.161594,-70.9701,48.1,1.0,-93.0,2.160246899469287
519,1456687138,43.161609999999996,-70.97013000000001,47.7,1.25,-92.7,3.1000000000000005
520,1456687141,43.161602,-70.97018,46.6,1.25,-90.22222222222223,2.935521069693979
521,1456687144,43.16158,-70.970215,46.2,1.5,-94.33333333333333,2.494438257849294
522,1456687147,43.161552,-70.97024499999999,46.0,1.75,-94.4,2.33238075793812
523,1456687150,43.16152,-70.97027,46.2,1.5,-94.0,1.0
524,1456687152,43.16151,-70.97031,45.6,1.5,-94.66666666666667,1.247219128924647
525,1456687156,43.161507,-70.97036,44.6,1.25,-94.0,2.0976176963403033
526,1456687158,43.16152,-70.9704,44.5,1.5,-90.25,1.479019945774904
527,1456687162,43.161533,-70.97043599999999,44.7,1.0,-94.33333333333333,2.1343747458109497
528,1456687165,43.161559999999994,-70.970474,44.9,1.25,-92.0,3.0
529,1456687168,43.161594,-70.970505,45.3,1.25,-90.75,3.2691742076555053
530,1456687171,43.161609999999996,-70.97054,45.7,1.25,-93.0,4.375255094603872
531,1456687174,43.16163,-70.97058,44.4,1.25,-96.0,1.0
532,1456687177,43.161640000000006,-70.97062,44.8,1.5,,0.0
533,1456687180,43.16165,-70.97065,42.9,1.25,-90.0,0.0
534,1456687183,43.161663,-70.97069499999999,41.8,1.0,-94.0,1.927248223318863
535,1456687193,43.161654999999996,-70.97074,38.9,1.25,-92.72727272727273,2.0489868490153906
536,1456687195,43.161663,-70.97078,37.0,1.75,-88.16666666666667,2.4094720491334933
537,1456687198,43.161674,-70.970825,36.6,1.25,-91.0,0.816496580927726
538,1456687202,43.16169,-70.97089,37.7,1.0,-90.77777777777777,0.9162456945817024
539,1456687205,43.161713,-70.97091,37.5,1.0,-90.0,1.8856180831641267
540,1456687208,43.161736,-70.97095,38.6,1.0,-91.55555555555556,3.095197394929804
541,1456687213,43.161762,-70.97098000000001,38.8,1.0,-88.625,3.4437443284889775
542,1456687216,43.161777,-70.97102,39.0,1.0,-90.44444444444444,3.890475866669244
543,1456687219,43.161792999999996,-70.97105400000001,37.2,1.25,-90.4,4.363484845854286
544,1456687223,43.161809999999996,-70.9711,36.8,1.25,-91.0,2.0
545,1456687226,43.161842,-70.97112,35.3,1.25,-88.75,2.0463381929681126
546,1456687228,43.161865,-70.97114599999999,34.4,1.25,-91.5,0.5
547,1456687231,43.161877000000004,-70.97118,34.9,1.25,-97.0,0.0
548,1456687234,43.1619,-70.97123,34.5,1.25,-88.0,0.0
549,1456687237,43.1619,-70.97126999999999,35.2,1.0,-90.0,3.0550504633038935
550,1456687241,43.161922,-70.97130600000001,34.4,1.0,-89.55555555555556,3.715167443844553
551,1456687244,43.161945,-70.97135,33.9,1.0,-91.0,2.8284271247461903
552,1456687248,43.161953000000004,-70.9714,33.5,1.0,-90.75,2.3139072294858036
553,1456687253,43.161972,-70.97144,33.1,1.25,-89.33333333333333,3.5433819375782165
554,1456687258,43.161986999999996,-70.97150400000001,34.9,1.25,-89.1875,3.1665981352233503
555,1456687261,43.162017999999996,-70.971535,36.5,1.0,-91.11111111111111,4.3574825669172395
556,1456687265,43.162037,-70.971565,37.7,0.75,-90.625,5.588772226527039
557,1456687268,43.162037,-70.97161,38.0,1.25,-91.5,4.5
558,1456687270,43.162045,-70.97164000000001,37.8,1.25,,0.0
559,1456687273,43.162045,-70.97169,36.6,1.0,-90.5,2.29128784747792
560,1456687276,43.162033,-70.97173000000001,39.0,1.25,-94.0,0.0
561,1456687279,43.16203,-70.97178000000001,38.7,1.0,-86.5,4.695742752749559
562,1456687283,43.162009999999995,-70.971825,40.1,1.75,-84.0,3.2914029430219167
563,1456687285,43.161995000000005,-70.97185999999999,40.6,1.25,-82.83333333333333,2.6718699236468995
564,1456687287,43.16198,-70.97189,41.3,1.25,-80.33333333333333,1.247219128924647
565,1456687291,43.161953000000004,-70.97194,41.8,1.25,-82.84615384615384,2.537295769610868
566,1456687294,43.16193,-70.97197,42.6,1.25,-82.55555555555556,2.753224820747526
567,1456687297,43.161896,-70.97199,42.8,1.25,-89.75,3.112474899497183
568,1456687300,43.16187,-70.972015,43.0,1.0,-91.83333333333333,4.597704741377907
569,1456687302,43.161840000000005,-70.97202,44.0,1.5,-87.5,3.304037933599835
570,1456687305,43.161804,-70.97203,43.8,1.0,-89.66666666666667,2.357022603955158
571,1456687308,43.161766,-70.97203,43.5,1.5,-89.5,4.349329450233296
572,1456687310,43.161743,-70.97203,39.3,1.5,-88.83333333333333,3.6247605284885913
573,1456687314,43.161705,-70.97204,39.2,1.0,-88.83333333333333,3.8693955887479663
574,1456687317,43.16168,-70.97203,39.7,1.0,-89.5,2.9410882339705484
575,1456687323,43.161674,-70.97204599999999,42.9,0.0,-87.0,4.183300132670378
576,1456687343,43.16166,-70.97207,39.3,1.0,-90.95454545454545,4.226295097119211
577,1456687357,43.16165,-70.97208,43.1,0.0,-91.52941176470588,1.499711621644937
578,1456687430,43.16163,-70.97205,46.3,1.25,-89.20673076923077,2.431870300465061
579,1456687432,43.161606,-70.97202,45.7,1.25,-93.0,2.70801280154532
580,1456687434,43.161583,-70.972,45.5,1.25,-89.28571428571429,3.1943828249996997
581,1456687437,43.161556,-70.97196,45.7,1.25,-88.77777777777777,3.488959659579462
582,1456687440,43.161522,-70.97192,46.3,1.5,-88.11111111111111,3.4462360931712936
583,1456687443,43.16149,-70.97188,48.5,1.25,-86.2,4.261455150532504
584,1456687445,43.161471999999996,-70.97185,46.9,1.5,-83.33333333333333,1.247219128924647
585,1456687448,43.16145,-70.97180999999999,45.9,1.25,-83.11111111111111,3.603838831161523
586,1456687452,43.161423,-70.97178000000001,44.8,1.25,-85.23076923076923,4.979246871594541
587,1456687455,43.161392,-70.97174,44.7,1.5,-91.0,2.449489742783178
588,1456687460,43.161353999999996,-70.9717,45.4,1.25,-92.0,1.224744871391589
589,1456687464,43.161312,-70.97169,43.2,1.0,-92.0,2.0
590,1456687466,43.161297,-70.97166,43.6,1.5,-97.0,1.0
591,1456687469,43.161278,-70.97163,42.7,1.5,-92.0,0.0
592,1456687473,43.161235999999995,-70.97159599999999,40.0,1.25,,0.0
593,1456687476,43.16122,-70.97155,40.4,1.25,-94.5,2.5
594,1456687479,43.16121,-70.97150400000001,40.1,1.5,,0.0
595,1456687482,43.1612,-70.971466,39.0,1.0,-94.6,2.416609194718914
596,1456687486,43.161182000000004,-70.971405,39.5,1.5,-93.0,2.6457513110645907
597,1456687489,43.161175,-70.97137,40.7,1.25,-94.25,3.5619517121937516
598,1456687493,43.161148,-70.97131,39.8,1.5,-94.0,3.0
599,1456687497,43.161125,-70.97125,40.2,1.25,-90.2,3.7894590642992836
600,1456687500,43.161114000000005,-70.97121,39.6,1.5,-88.44444444444444,3.531166351571268
601,1456687502,43.161102,-70.971176,40.5,1.25,-90.66666666666667,2.134374745810949
602,1456687504,43.161083000000005,-70.97114,41.7,1.5,-92.83333333333333,4.058598553961973
603,1456687508,43.161076,-70.97109,40.9,1.5,-92.0,3.251373336211726
604,1456687511,43.161068,-70.97105400000001,40.4,1.25,-90.16666666666667,3.1841621957571333
605,1456687514,43.16105,-70.97100999999999,41.9,1.5,-93.66666666666667,0.9428090415820634
606,1456687518,43.161037,-70.97095,41.0,1.25,-95.66666666666667,1.699673171197595
607,1456687520,43.16102,-70.97091,40.5,1.5,-91.0,1.4142135623730951
608,1456687522,43.161003,-70.97086999999999,40.5,1.5,-91.16666666666667,2.1921577396609844
609,1456687525,43.16098,-70.97083,41.0,0.75,-90.44444444444444,3.832930735702298
610,1456687528,43.160959999999996,-70.9708,40.7,1.0,-91.7,3.5791060336346563
611,1456687530,43.160942,-70.97077,40.9,0.75,-92.75,1.920286436967152
612,1456687535,43.160923,-70.97073,40.8,0.75,-92.57142857142857,1.4982983545287878
613,1456687538,43.160903999999995,-70.97069,41.5,1.0,-93.75,2.384848003542364
614,1456687550,43.16091,-70.97065,42.0,0.0,-93.70833333333333,1.5405401289446792
615,1456687568,43.16093,-70.97061,43.9,0.75,-91.58695652173913,3.2003810028381054
616,1456687574,43.160957,-70.9706,44.9,0.0,-97.5,0.5
617,1456687589,43.16098,-70.97055,49.2,0.0,-94.70833333333333,1.6196493104647343
618,1456687707,43.161,-70.97055,50.5,0.0,-94.52222222222223,2.73750810360151
619,1456687710,43.160976,-70.970665,51.3,0.75,-90.33333333333333,0.6666666666666667
620,1456687711,43.160990000000005,-70.970665,42.2,0.75,-92.66666666666667,1.8856180831641267
621,1456687718,43.160957,-70.97064,44.2,0.0,-85.04545454545455,1.8458127731133587
622,1456687722,43.160915,-70.97063,42.8,1.25,-87.58333333333333,3.7960139913101245
623,1456687725,43.160877,-70.97062,42.9,1.25,-87.8,3.789459064299283
624,1456687729,43.160843,-70.97058,43.5,1.5,-94.0,2.0
625,1456687734,43.16083,-70.970535,41.6,1.25,-93.57142857142857,2.610809554642438
626,1456687737,43.160812,-70.9705,42.0,0.5,-96.5,1.5
627,1456687741,43.16077,-70.97046999999999,41.3,1.0,,0.0
628,1456687746,43.160740000000004,-70.97041,40.9,0.75,-94.33333333333333,2.494438257849294
629,1456687751,43.160736,-70.97036,39.0,0.75,-96.33333333333333,2.494438257849294
630,1456687755,43.16073,-70.97029,41.7,1.25,,0.0
631,1456687760,43.160698,-70.97022,42.7,1.25,-95.0,2.0
632,1456687763,43.16067,-70.970184,44.4,1.0,-96.33333333333333,0.4714045207910317
633,1456687767,43.160637,-70.97014,46.7,1.0,-96.66666666666667,1.699673171197595
634,1456687771,43.16059,-70.970116,44.9,1.25,-98.0,0.0
635,1456687776,43.16057,-70.97009,42.0,0.75,-97.5,0.5
636,1456687779,43.16053,-70.9701,42.9,1.5,-97.0,0.0
637,1456687784,43.16048,-70.97012,41.8,1.25,-96.4,1.2
638,1456687788,43.16043,-70.97014,41.2,1.25,-91.0,0.0
639,1456687791,43.160374,-70.97014,38.1,1.0,-94.5,0.5
640,1456687796,43.160328,-70.97015999999999,40.4,1.0,-98.0,0.0
641,1456687800,43.160270000000004,-70.97015999999999,41.1,1.5,-99.0,0.0
642,1456687804,43.160236,-70.97013000000001,40.9,1.25,,0.0
643,1456687808,43.160183,-70.970116,38.8,1.25,,0.0
644,1456687812,43.160133,-70.970146,41.2,1.25,,0.0
645,1456687815,43.160090000000004,-70.97013000000001,42.9,0.75,,0.0
646,1456687822,43.160046,-70.970116,46.8,0.5,-97.66666666666667,0.4714045207910317
647,1456687826,43.159996,-70.970116,48.5,0.75,-96.0,0.0
648,1456687832,43.159890000000004,-70.97009,52.2,1.0,-98.0,0.0
649,1456687839,43.159786,-70.97004,54.8,1.5,-98.0,0.0
650,1456687861,43.159702,-70.97008000000001,55.4,1.5,-97.36363636363636,1.2984415324623364
651,1456687868,43.15963,-70.97015999999999,50.7,1.25,-97.0,0.0
652,1456687874,43.15955,-70.970215,53.9,1.0,-97.0,0.7071067811865476
653,1456687880,43.159459999999996,-70.97022,53.8,1.5,-97.0,0.816496580927726
654,1456687889,43.159366999999996,-70.97019,53.7,1.0,,0.0
655,1456687896,43.159267,-70.970215,50.5,1.25,,0.0
656,1456687903,43.15917,-70.9702,49.6,1.25,-98.0,0.0
657,1456687911,43.159073,-70.97021,53.3,1.0,-97.66666666666667,0.4714045207910317
658,1456687917,43.159,-70.970215,51.1,1.25,-98.0,0.0
659,1456687920,43.158962,-70.9702,48.4,1.25,,0.0
660,1456687924,43.158916,-70.970184,46.6,1.25,,0.0
661,1456687928,43.158894000000004,-70.9702,42.6,1.25,-98.0,1.0
662,1456687931,43.158854999999996,-70.970184,43.0,1.25,-97.0,0.0
663,1456687934,43.158806,-70.97017,43.0,1.0,-97.5,0.5
664,1456687938,43.158770000000004,-70.970146,42.4,1.25,,0.0
665,1456687941,43.15874,-70.97013000000001,43.2,1.25,,0.0
666,1456687944,43.158703,-70.97013000000001,43.2,1.5,-94.0,0.0
667,1456687948,43.158665,-70.97014,42.8,1.25,-96.5,1.5
668,1456687951,43.158638,-70.97017,41.9,1.25,-95.8,0.7483314773547882
669,1456687954,43.158623,-70.970215,41.0,1.25,-94.0,0.0
670,1456687957,43.158609999999996,-70.97025,40.5,1.25,-98.0,0.0
671,1456687959,43.158592,-70.97028,41.3,1.25,-95.0,0.0
672,1456687963,43.158570000000005,-70.97032,41.6,1.25,,0.0
673,1456687965,43.158553999999995,-70.97035,43.0,1.5,-96.0,1.632993161855452
674,1456687967,43.15854,-70.97038,44.6,1.25,,0.0
675,1456687970,43.15853,-70.97041999999999,44.0,1.0,-96.5,1.5
676,1456687973,43.15853,-70.97046,42.1,1.5,-95.66666666666667,0.9428090415820634
677,1456687976,43.15852,-70.97051,42.4,1.25,-97.0,0.816496580927726
678,1456687978,43.158512,-70.97055,42.9,1.0,,0.0
679,1456687981,43.158504,-70.9706,43.2,1.25,-97.0,0.0
680,1456687984,43.158485,-70.97063,42.6,1.0,-96.5,0.5
681,1456687987,43.15847,-70.970665,43.3,1.25,-97.0,0.0
682,1456687991,43.158446999999995,-70.97073,45.2,1.25,-94.66666666666667,0.9428090415820634
683,1456687993,43.158443,-70.97078,43.7,1.25,-95.0,1.224744871391589
684,1456687996,43.158424,-70.97081,42.1,1.0,,0.0
685,1456687999,43.158398,-70.97085,44.3,1.25,,0.0
686,1456688002,43.15838,-70.97089,43.0,1.25,,0.0
687,1456688006,43.158356,-70.97094,41.4,1.25,-96.75,1.0897247358851685
688,1456688009,43.15834,-70.97098000000001,41.2,1.25,-98.0,0.0
689,1456688012,43.15832,-70.971016,41.0,1.25,-94.0,0.0
690,1456688017,43.158306,-70.97108,41.2,1.25,-97.0,0.816496580927726
691,1456688021,43.15828,-70.971115,41.6,1.0,-96.5,0.5
692,1456688024,43.158264,-70.97116,42.0,1.5,,0.0
693,1456688027,43.15824,-70.97119,41.6,1.25,-96.66666666666667,0.4714045207910317
694,1456688030,43.158221999999995,-70.97121,38.6,1.25,,0.0
695,1456688033,43.15821,-70.97125,38.1,1.25,-94.0,0.0
696,1456688036,43.158188,-70.97128000000001,38.3,1.25,-94.0,1.632993161855452
697,1456688040,43.158176,-70.97133000000001,37.7,1.25,-95.66666666666667,2.357022603955158
698,1456688043,43.15815,-70.97135,37.0,1.0,-98.0,0.7071067811865476
699,1456688045,43.158134000000004,-70.97138000000001,37.2,1.0,,0.0
700,1456688049,43.15811,-70.971436,37.1,1.25,-98.0,0.0
701,1456688053,43.158096,-70.97148,37.7,1.0,-97.0,0.0
702,1456688056,43.158091999999996,-70.97152,38.7,1.0,,0.0
703,1456688060,43.158066,-70.97157,40.7,1.0,-98.0,0.0
704,1456688062,43.15806,-70.9716,41.0,1.25,,0.0
705,1456688065,43.158046999999996,-70.97165,42.0,1.0,,0.0
706,1456688069,43.15802,-70.9717,41.9,1.0,,0.0
707,1456688072,43.157993,-70.97173000000001,42.7,1.25,,0.0
708,1456688075,43.157978,-70.97176999999999,44.2,1.0,-97.0,0.816496580927726
709,1456688079,43.157959999999996,-70.971825,45.7,1.25,-98.25,0.82915619758885
710,1456688081,43.157948,-70.971855,46.6,0.75,-96.0,3.0
711,1456688085,43.157932,-70.97191,46.1,1.0,-96.66666666666667,1.8856180831641267
712,1456688088,43.15791,-70.97193,46.5,1.0,-98.0,0.0
713,1456688091,43.1579,-70.97198,45.6,1.0,-97.33333333333333,0.4714045207910317
714,1456688094,43.157894,-70.97202,45.5,1.5,,0.0
715,1456688097,43.157894,-70.97207,46.4,1.0,,0.0
716,1456688101,43.157894,-70.972115,45.6,1.0,-95.5,2.5
717,1456688105,43.157894,-70.97216,45.1,1.0,-93.33333333333333,1.247219128924647
718,1456688108,43.157894,-70.9722,46.3,1.0,-93.66666666666667,2.6246692913372702
719,1456688112,43.1579,-70.972275,43.6,1.25,-96.0,0.0
720,1456688115,43.157906,-70.97231,43.1,1.25,-95.375,1.4947825928876748
721,1456688118,43.157897999999996,-70.97235,46.6,1.25,-95.6,2.0591260281974
722,1456688120,43.157906,-70.97239,46.0,0.75,,0.0
723,1456688124,43.157897999999996,-70.97246,45.4,1.25,-94.9090909090909,1.5640591394622958
724,1456688128,43.157887,-70.9725,47.6,1.0,-94.5,2.958039891549808
725,1456688131,43.157883,-70.97256,47.4,1.0,-94.6,2.4166091947189146
726,1456688135,43.157866999999996,-70.97261,47.5,1.0,-93.42857142857143,1.5907898179514348
727,1456688139,43.15784,-70.97266,47.7,1.0,-92.83333333333333,2.7938424357067024
728,1456688141,43.157837,-70.97269399999999,47.1,1.25,-91.0,2.23606797749979
729,1456688144,43.15782,-70.97274,44.8,1.25,,0.0
730,1456688148,43.1578,-70.97277,43.7,0.75,-94.33333333333333,3.0912061651652345
731,1456688153,43.157790000000006,-70.972824,42.5,0.75,-93.42857142857143,2.610809554642438
732,1456688158,43.1578,-70.97288499999999,46.2,1.0,-94.16666666666667,2.852873794770615
733,1456688162,43.157787,-70.97294000000001,48.5,1.0,-90.91666666666667,3.0127045804208694
734,1456688168,43.157771999999994,-70.97299,48.2,0.5,-91.0,3.32665998663324
735,1456688176,43.157784,-70.973,51.4,0.0,-90.8,2.6
736,1456688180,43.157803,-70.97304,53.6,1.0,-88.0909090909091,3.028787499810488
737,1456688182,43.157814,-70.97306999999999,53.5,1.0,-89.83333333333333,3.0230595245361753
738,1456688184,43.157833000000004,-70.973114,53.1,1.25,-90.14285714285714,3.090472521826276
739,1456688187,43.157852,-70.97317,52.5,0.75,-86.5,1.5
740,1456688190,43.157856,-70.973236,50.3,1.5,-89.83333333333333,3.804237403504442
741,1456688195,43.15787,-70.9733,48.5,1.0,-87.375,3.370367190678191
742,1456688200,43.157883,-70.973404,47.4,1.25,-87.93333333333334,4.891716354091772
743,1456688204,43.157887,-70.97345,47.6,0.5,-88.61538461538461,3.9717940441309496
744,1456688219,43.157894,-70.97341999999999,50.9,0.0,-91.44444444444444,3.0590888662080444
745,1456688253,43.157894,-70.97348000000001,52.6,0.5,-87.65116279069767,3.2484967609738087
746,1456688255,43.157906,-70.973526,52.7,1.0,-91.4,2.1540659228538015
747,1456688258,43.15791,-70.973564,52.5,1.0,-97.0,0.0
748,1456688270,43.15789,-70.97369,56.0,1.25,-90.02631578947368,3.383293646770408
749,1456688280,43.157887,-70.97381,55.5,0.75,-87.0952380952381,3.557751589400542
750,1456688297,43.157856,-70.97394,56.0,0.75,-84.9245283018868,4.022807883564281
751,1456688303,43.157845,-70.97406,56.2,1.0,-81.57894736842105,4.056389235367936
752,1456688310,43.15784,-70.974174,54.9,0.75,-80.28571428571429,5.469768491164756
753,1456688317,43.157814,-70.97429,53.9,1.0,-79.45454545454545,5.630495478982553
754,1456688324,43.157787,-70.9744,54.8,1.0,-74.68181818181819,4.957880445552989
755,1456688331,43.157764,-70.97452,53.3,1.0,-75.54545454545455,4.086866689634368
756,1456688341,43.157784,-70.97463,53.5,1.25,-75.96774193548387,4.138597790959902
757,1456688347,43.157814,-70.97475,55.1,1.0,-73.57894736842105,5.102278020377752
758,1456688354,43.157852,-70.97488,55.9,1.5,-70.27272727272727,4.87276119391178
759,1456688361,43.157875,-70.975,54.5,1.25,-69.19047619047619,3.5539253632467216
760,1456688369,43.157887,-70.97511,55.7,1.25,-74.72,6.520858839140746
761,1456688374,43.157866999999996,-70.97518000000001,54.6,0.75,-74.25,2.839454172900137
762,1456688377,43.157866999999996,-70.975235,54.7,1.25,-73.11111111111111,4.771313456351976
763,1456688381,43.157866999999996,-70.97529,55.6,1.0,-74.15384615384616,3.9583631785441864
764,1456688383,43.157866999999996,-70.975334,57.1,1.0,-74.83333333333333,2.7938424357067015
765,1456688386,43.15786,-70.97538,55.9,1.25,-72.11111111111111,3.3811386788228757
766,1456688391,43.15784,-70.97544,54.1,0.75,-76.75,3.2307119958300214
767,1456688395,43.15783,-70.975494,51.4,1.0,-76.16666666666667,5.885481194336525
768,1456688397,43.157818,-70.97553,51.7,1.25,-75.42857142857143,3.5799897388976194
769,1456688399,43.157803,-70.97556999999999,51.2,1.5,-73.33333333333333,2.494438257849294
770,1456688402,43.157795,-70.97561,51.5,1.0,-71.11111111111111,2.6851213274654606
771,1456688404,43.157790000000006,-70.97564,52.6,1.0,-70.0,6.4031242374328485
772,1456688407,43.157779999999995,-70.97569,52.7,1.5,-68.6,2.973213749463701
773,1456688410,43.157764,-70.97572,54.3,1.0,-66.0,2.70801280154532
774,1456688413,43.157757000000004,-70.97578,54.6,2.0,-66.44444444444444,3.80383172636082
775,1456688416,43.157745,-70.975815,54.2,1.25,-66.7,4.001249804748512
776,1456688420,43.157722,-70.97585,53.4,1.25,-62.583333333333336,2.177855724228663
777,1456688424,43.157696,-70.9759,52.6,1.25,-66.0,4.385290096535146
778,1456688428,43.157672999999996,-70.97595,53.3,1.5,-69.91666666666667,6.4220756423103245
779,1456688432,43.157641999999996,-70.97598,49.9,1.25,-68.84615384615384,6.010838337103477
780,1456688436,43.15762,-70.97601999999999,48.4,1.0,-68.16666666666667,5.624845676895402
781,1456688440,43.157596999999996,-70.97606999999999,48.0,1.25,-69.07692307692308,4.843100381137598
782,1456688443,43.15759,-70.97612,49.0,1.0,-66.0,5.2493385826745405
783,1456688447,43.157574,-70.97619,49.9,1.25,-64.5,3.3291640592396967
784,1456688451,43.15756,-70.97623,47.8,1.0,-66.61538461538461,4.532590726971149
785,1456688459,43.15753,-70.97628,48.1,1.0,-57.96,6.390492938733287
786,1456688462,43.157515999999994,-70.97631,48.2,1.0,-47.888888888888886,1.286204100310025
787,1456688465,43.157497,-70.97635,49.0,1.25,-52.44444444444444,7.041324230113271
788,1456688467,43.157482,-70.976395,50.2,1.0,-60.42857142857143,1.5907898179514348
789,1456688469,43.15747,-70.97643000000001,51.8,1.0,-55.833333333333336,1.863389981249825
790,1456688472,43.15745,-70.976456,52.2,1.0,-55.0,2.309401076758503
791,1456688475,43.157425,-70.97649399999999,51.8,1.25,-52.9,2.3
792,1456688477,43.157406,-70.97652,52.9,1.25,-51.0,1.5275252316519468
793,1456688481,43.157375,-70.97655999999999,53.9,1.25,-56.75,6.378675411086537
794,1456688484,43.15735,-70.976585,52.9,1.0,-56.8,4.894895300208167
795,1456688488,43.157322,-70.97662,54.6,0.75,-55.916666666666664,3.8179037296517686
796,1456688491,43.157303000000006,-70.97665400000001,56.3,1.25,-48.5,2.3769728648009427
797,1456688493,43.15729,-70.97669,57.2,1.25,-54.5,3.095695936834452
798,1456688495,43.15728,-70.97673,58.2,1.25,-51.5,2.753785273643051
799,1456688499,43.15726,-70.97677,59.0,0.75,-50.583333333333336,3.32812092461931
